n,SmoothSort,SmoothSortBest,HeapSort,QuickSort,InsertionSort,STLSort
1000,0.0416,0.00496667,0.0361,0.0236333,0.0513667,0.0866667
5000,0.244867,0.0141333,0.218033,0.1445,1.29313,0.1312
10000,0.527333,0.0279333,0.460733,0.303667,5.1526,0.279533
20000,1.24393,0.0549,1.00457,0.641533,21.1517,0.6056
40000,2.7237,0.1112,2.22267,1.4669,83.7064,1.28743
60000,3.97843,0.164267,3.439,2.48537,0,1.9699
80000,5.4152,0.213933,4.836,2.88297,0,2.8787
100000,7.22827,0.265967,6.15063,3.7242,0,3.5424
