n,SmoothSort,SmoothSortBest,HeapSort,QuickSort,InsertionSort,STLSort
1000,0.061153,0.00468067,0.0530833,0.0481523,0.130667,0.020111
5000,0.363042,0.0181527,0.275292,0.222292,2.50787,0.191847
10000,0.651542,0.0295833,0.517861,0.4355,8.13767,0.332292
20000,1.08506,0.0439307,0.864319,0.691194,25.7142,0.590861
40000,2.235,0.0858193,1.7929,1.44789,104.238,1.29657
60000,3.64118,0.131569,2.98833,2.21568,0,2.02325
80000,5.15626,0.166292,4.0801,3.10593,0,2.7525
100000,6.75549,0.211611,5.29582,3.8809,0,3.50525
