n,SmoothSort,SmoothSortBest,HeapSort,QuickSort,InsertionSort,STLSort
1000,0.0707777,0.00872233,0.0499857,0.0449447,0.162528,0.028847
5000,0.333472,0.0149997,0.23757,0.20525,2.23214,0.164778
10000,0.538694,0.0234583,0.41125,0.418472,7.02081,0.275319
20000,1.16851,0.0452497,0.833264,0.703222,26.4654,0.602972
40000,2.20857,0.0868333,1.80478,1.45797,100.949,1.27435
60000,3.70296,0.126958,2.91183,2.24508,0,2.04868
80000,5.07467,0.180708,4.05547,3.00597,0,2.72662
100000,6.80068,0.217708,5.52942,3.90192,0,3.65625
