n,SmoothSort,SmoothSortBest,HeapSort,QuickSort,InsertionSort,STLSort
1000,0.105403,0.00802733,0.080889,0.0612777,0.307139,0.040194
5000,0.499,0.0263333,0.383403,0.288444,4.48521,0.183402
10000,0.908653,0.0336667,0.565458,0.546833,9.86217,0.383764
20000,1.15899,0.047361,0.904416,0.750139,26.9459,0.598028
40000,2.27394,0.0910003,1.82282,1.52258,103.694,1.30757
60000,3.66258,0.127333,2.97443,2.37171,0,2.03507
80000,5.13575,0.181542,4.11186,3.05349,0,2.77993
100000,6.74597,0.211305,5.29489,3.91258,0,3.46394
